content_id,content_name,link,team,brand,editor,media_post,design_post,production_team,content_producer,media_producer,production_date,sample_code,page,cgsđ_name,rejuvenation_group,format,region,age_range,model
250605,250605-CGSĐ Thông chị thu oanh ltm 250225,https://trello.com/c/C40NcsJH/1138-250605-cgs%C4%91-th%C3%B4ng-ch%E1%BB%8B-thu-oanh-ltm-250225-ngnqnhu-3dnsh-2d-tml-mt-lt-mass-adstoannv,Team sản xuất SG,G,ngnqnhu,3DNSH,2D-TML,Team sản xuất SG,ngnqnhu,3DHSD,2585-02-01,N_252125,CGSĐ,Thông,Xoá nhăn,Live trung,,,
251010,251010-CGSĐ Xuân chị Tayler liệu trình 57t 250905 lt v1,https://trello.com/c/LfQkhR7E/1542-251010-cgs%C4%91-xu%C3%A2n-ch%E1%BB%8B-tayler-li%E1%BB%87u-tr%C3%ACnh-57t-250905-lt-v1-tthphuc-3dhsd-2d-tml-mt-lt-mass-ads,Team sản xuất SG,G,tthphuc,3DHSD,2D-TML,Team sản xuất SG,tthphuc,3DNQT,2586-12-13,N_25952,CGSĐ,Xuân,Xoá nhăn,Live trung,,,
251105,251105-CGSĐ Hiếu MC 7in1 251013 tvc,https://trello.com/c/wHM7uTZn/1617-251105-cgs%C4%91-hi%E1%BA%BFu-mc-7in1-251021-tvc-v1-%C4%91ph%C6%B0%C6%A1ng-3dnqt-2d-tml-mt-tvc-mass-ads,Team sản xuất SG,G,đphương,3DNQT,2D-TML,Team sản xuất SG,đphương,3DNSH,2587-03-31,N_23068,CGSĐ,Hiếu,,TVC,,,
251110,251110-CGSĐ Hiếu hành trình Mỹ Tưởng 45t 251002 tvc,https://trello.com/c/8mVBAxN4/1613-251110-cgs%C4%91-hi%E1%BA%BFu-h%C3%A0nh-tr%C3%ACnh-m%E1%BB%B9-t%C6%B0%E1%BB%9Fng-45t-251002-tvc-tbhan-3dttt-2d-ndt-mt-tvc-mass-ads,Team sản xuất HN,G,tbhan,3DTTT,2D-NDT,Team sản xuất HN,tbhan,3DOS,2587-03-20,B_251002,CGSĐ,Hiếu,Xoá nhăn,TVC,Nam,45-54,1 nữ
250910,250910-ME chị Trang không cần xin phép 52t 250410 tvc,https://trello.com/c/LE4gSjsU/1467-250910-me-ch%E1%BB%8B-trang-kh%C3%B4ng-c%E1%BA%A7n-xin-ph%C3%A9p-52t-250410-tvc-tbhan-3dndt-2d-npl-mt-tvc-mass-ads,Team sản xuất HN,G,tbhan,3DNDT,2D-NPL,Team sản xuất HN,tbhan,3DOS,2585-08-05,B_250410,Thường,Mẫu,Xoá nhăn,TVC,Bắc,,1 nữ
250620,250620-CGSĐ Hiếu giảm giá sập sàn 250310 tvc v1,https://trello.com/c/ZmJufG7z/1210-250620-cgs%C4%91-hi%E1%BA%BFu-gi%E1%BA%A3m-gi%C3%A1-s%E1%BA%ADp-s%C3%A0n-250310-tvc-v1-tthphuc-3dos-2d-tml-mt-tvc-mass-ads,Team sản xuất SG,G,tthphuc,3DOS,2D-TML,Team sản xuất SG,tthphuc,3DNQT,2585-04-27,N_23068,CGSĐ,Hiếu,,,,,
240501,240501 - ME chị bích rửa mặt 46t 240410 tvc v1,https://trello.com/c/yumzhbGJ/625-240501-me-ch%E1%BB%8B-b%C3%ADch-r%E1%BB%ADa-m%E1%BA%B7t-46t-240410-tvc-v1-%C4%91ph%C6%B0%C6%A1ng-3dnttt-2d-tml-mt-tvc-mass-adstoannv,Team sản xuất SG,G,đphương,3DNTTT,2D-TML,Team sản xuất SG,đphương,3DNSH,2558-03-20,N_24436,Thường,Mẫu,,,,,
251020,251020-ME+ làm đẹp theo đôi 45 47 49 53 55 60 tvc v1 221128 221220 221230 221223,https://trello.com/c/TSETeRCF/1590-251020-me-l%C3%A0m-%C4%91%E1%BA%B9p-theo-%C4%91%C3%B4i-45-47-49-53-55-60-tvc-v1-221128-221220-221230-221223-tbhan-3dntc-2d-tml-mt-tvc-mass-ads,Team sản xuất HN,G,tbhan,3DNTC,2D-TML,Team sản xuất HN,tbhan,,,,Thường,Mẫu,,,,,
250820,250820-chị Diễm Kiều 45t 250412 asa v1,https://trello.com/c/fop48xAF/1416-250820-ch%E1%BB%8B-di%E1%BB%85m-ki%E1%BB%81u-45t-250412-asa-v1-nvhoan-2d-npl-mt-asa-ads,Team sản xuất HN,G,nvhoan,,2D-NPL,Team sản xuất HN,nvhoan + tthuyen,3DOS,2585-08-07,N_23068,Thường,Mẫu,,,,,
250527,250527-CGSĐ Hiếu đem bao nhiêu tiền để gặp em 240614 tvc v1,https://trello.com/c/9lMvZ9Il/1095-250527-cgs%C4%91-hi%E1%BA%BFu-%C4%91em-bao-nhi%C3%AAu-ti%E1%BB%81n-%C4%91%E1%BB%83-g%E1%BA%B7p-em-240614-tvc-v1-tthphuc-3dthd-2d-tml-mt-tvc-mass-ads,Team sản xuất SG,G,tthphuc,3DTHD,2D-TML,Team sản xuất SG,tthphuc,3DNSH,2558-10-10,N_23068,CGSĐ,Hiếu,,,,,
250528,250528 - CGSĐ Hiếu hiệu quả 6in1 tvc 240614 v3,https://trello.com/c/ZRH5pOd6/1104-250528-cgs%C4%91-hi%E1%BA%BFu-hi%E1%BB%87u-qu%E1%BA%A3-6in1-tvc-240614-v3-%C4%91ph%C6%B0%C6%A1ng-3dhsd-2d-tml-mt-tvc-mass-ads,Team sản xuất SG,G,đphương,3DHSD,2D-TML,Team sản xuất SG,đphương,3DNSH,2558-10-10,N_23068,CGSĐ,Hiếu,,,,,
250603,250603-CGSĐ Hiếu và chị Thu 5 con ltm 45t ln 241014 v3,https://trello.com/c/q3CGgBYB/1128-250603-cgs%C4%91-hi%E1%BA%BFu-v%C3%A0-ch%E1%BB%8B-thu-5-con-ltm-45t-ln-241014-v3-%C4%91ph%C6%B0%C6%A1ng-3dhsd-2d-tml-mt-ln-mass-ads,Team sản xuất SG,G,đphương,3DHSD,2D-TML,Team sản xuất SG,đphương,3DNQT,2559-11-14,N_241004,CGSĐ,Hiếu,,,,,
250601,250601-CGSĐ Hiếu đón chị Yến hàng xóm 250310 tvc v1,https://trello.com/c/dsYwWVjh/1122-250601-cgs%C4%91-hi%E1%BA%BFu-%C4%91%C3%B3n-ch%E1%BB%8B-y%E1%BA%BFn-h%C3%A0ng-x%C3%B3m-250310-tvc-v1-tthphuc-3dhsd-2d-tml-mt-tvc-mass-ads,Team sản xuất SG,G,tthphuc,3DHSD,2D-TML,Team sản xuất SG,tthphuc,3DNQT,2585-04-27,N_23068,CGSĐ,Hiếu,,,,,
240815,240815-CGSĐ Hiếu ơi chị có bầu rồi 240809 tvc v2,https://trello.com/c/tdFsPvB5/1748-240815-cgs%C4%91-hi%E1%BA%BFu-%C6%A1i-ch%E1%BB%8B-c%C3%B3-b%E1%BA%A7u-r%E1%BB%93i-240809-tvc-v2-tthphuc-3dos-2d-tml-mt-tvc-mass-adsaltv,Team sản xuất SG,G,tthphuc,3DOS,2D-TML,Team sản xuất SG,tthphuc,3DNQT,2559-04-23,N_23068,CGSĐ,Hiếu,,,,,
250715,250715-CGSĐ Hiếu ME+ 6in1 45t 250708 tvc v1,https://trello.com/c/QF7F332H/1276-250715-cgs%C4%91-hi%E1%BA%BFu-me-6in1-45t-250708-tvc-v1-tthuyen-3dos-mt-tvc-massads,Team sản xuất HN,G,tthuyen,3DOS,,Team sản xuất HN,tthuyen,3DOS,2586-05-30,B_240706,CGSĐ,Hiếu,,,,,
250810,250810-CGSĐ Hiếu tư vấn có tốn tiền không 250716 tvc v1,https://trello.com/c/f3nV4bUy/1378-250810-cgs%C4%91-hi%E1%BA%BFu-t%C6%B0-v%E1%BA%A5n-c%C3%B3-t%E1%BB%91n-ti%E1%BB%81n-kh%C3%B4ng-250716-tvc-v1-tthphuc-3dth%C4%91-2d-tml-mt-tvc-mass-ads,Team sản xuất SG,G,tthphuc,3DTHĐ,2D-TML,Team sản xuất SG,tthphuc,3DNSH,2586-06-07,N_23068,CGSĐ,Hiếu,,,,,
241020,241020-CGSD Hiếu ai chăm chị 48t 240809 tvc v3,https://trello.com/c/VLpx8rm7/4-241020-cgsd-hi%E1%BA%BFu-ai-ch%C4%83m-ch%E1%BB%8B-48t-240809-tvc-v2-dnktuyen-3dhsd-2d-tml-mt-tvc-mass-adsatlv,Team sản xuất SG,G,dnktuyen,3DHSD,2D-TML,Team sản xuất SG,dnktuyen,3DNQT,2559-04-23,N_24828,CGSĐ,Hiếu,,,,,
241005,241005-CGSD Hiếu Chị Vy Duy bù xù 240722 lt v1,https://trello.com/c/GwVUJ4zJ/2088-241005-cgsd-hi%E1%BA%BFu-ch%E1%BB%8B-vy-duy-b%C3%B9-x%C3%B9-240722-lt-v1-dnktuyen-3dhsd-2d-tml-mt-lt-mass-adstoannv,Team sản xuất SG,G,dnktuyen,3DHSD,2D-TML,Team sản xuất SG,dnktuyen,3DNSH,2559-01-26,N_24976,CGSĐ,Hiếu,,,,,
241220,241220- CGSĐ Hiếu và chị Quế keo ltm 48t 241112 lt v1,https://trello.com/c/5Oc5ZnuK/366-241220-cgs%C4%91-hi%E1%BA%BFu-v%C3%A0-ch%E1%BB%8B-qu%E1%BA%BF-keo-ltm-48t-241112-lt-v1-%C4%91ph%C6%B0%C6%A1ng-3dos-2d-tml-mt-lt-mass-ads,Team sản xuất SG,G,đphương,3DOS,2D-TML,Team sản xuất SG,đphương,3DNQT,2560-02-20,N_247113,CGSĐ,Hiếu,,,,,
250110,250110 - CGCD Thông làm ko đau 231206 tvc v2,https://trello.com/c/wK8T2HHR/417-250110-cgcd-th%C3%B4ng-l%C3%A0m-ko-%C4%91au-231206-tvc-v2-dnktuyen-3dhsd-2d-tml-mt-tvc-mass-ads,Team sản xuất SG,G,dnktuyen,3DHSD,2D-TML,Team sản xuất SG,dnktuyen,3DHSD,2560-05-24,N_247120,Thường,Thông,,,,,
250815,250815-CGSĐ Hiếu chỉ trỏ 250804 tvc v1,https://trello.com/c/OMG72yRp/1402-250815-cgs%C4%91-hi%E1%BA%BFu-ch%E1%BB%89-tr%E1%BB%8F-250804-tvc-v1-ptnquynh-3dnnh-2d-npl-mt-tvc-mass-ads,Team sản xuất HN,G,ptnquynh,3DNNH,2D-NPL,Team sản xuất HN,ptnquynh,3DOS,2586-09-03,N_23068,CGSĐ,Hiếu,,,,,
250920,250920-CGSĐ Hiếu Giải đáp về tiền 250908 tvc v1,https://trello.com/c/n91DM605/1494-250920-cgs%C4%91-hi%E1%BA%BFu-gi%E1%BA%A3i-%C4%91%C3%A1p-v%E1%BB%81-ti%E1%BB%81n-250908-tvc-v1-ptnquynh-3dos-mt-tvc-mass-ads,Team sản xuất HN,G,ptnquynh,3DNDT,2D-NPL,Team sản xuất HN,ptnquynh,OS,2586-12-16,N_23068,CGSĐ,Hiếu,,,,,
251001,251001-CGSĐ Hiếu trẻ hoá CNC tvc 250917 v1,https://trello.com/c/ncWUtxau/1518-251001-cgs%C4%91-hi%E1%BA%BFu-tr%E1%BA%BB-ho%C3%A1-cnc-tvc-250917-v1-tthuyen-3dnnh-2d-ndt-mt-tvc-mass-ads,Team sản xuất HN,G,tthuyen,3DNNH,2D-NDT,Team sản xuất HN,tthuyen,3DOS,2586-12-25,N_23068,CGSĐ,Hiếu,,,,,
250915,250915-CGSĐ Xuân khách em cỡ này 250905 tvc v1,https://trello.com/c/4Gy1v9YR/1490-250915-cgs%C4%91-xu%C3%A2n-kh%C3%A1ch-em-c%E1%BB%A1-n%C3%A0y-250905-tvc-v1-tthphuc-3dth%C4%91-2d-tml-mt-tvc-mass-ads,Team sản xuất SG,G,tthphuc,3DTHĐ,2D-TML,Team sản xuất SG,tthphuc,3DHSD,2586-12-13,N_686868,CGSĐ,Xuân,,,,,
250210,250210-CGSĐ Tú ham collagen giá rẻ 241226 tvc v1,https://trello.com/c/4ycYgCtA/564-250210-cgs%C4%91-t%C3%BA-ham-collagen-gi%C3%A1-r%E1%BA%BB-241226-tvc-v1-tthphuc-3dos-2d-tml-mt-tvc-mass-ads,Team sản xuất SG,G,tthphuc,3DOS,2D-TML,Team sản xuất SG,tthphuc,3DHSD,2560-06-13,N_292024,CGSĐ,Tú,,,,,
251015,251015-CGSĐ Hiếu wow wow wow 56t 251007 tvc v1,https://trello.com/c/Py8TnvMn/1574-251015-cgs%C4%91-hi%E1%BA%BFu-wow-wow-wow-56t-251007-tvc-v1-nvhoan-3dnnh-mt-tvc-mass-ads,Team sản xuất HN,G,nvhoan,3DNNH,,Team sản xuất HN,nvhoan,3DOS,2587-03-25,N_23068,CGSĐ,Hiếu,Xoá nhăn,,,,
251101,251101-CGSĐ Hiếu chị Thơm sau điều trị 57t 250911 lt v1,https://trello.com/c/cpvVKEhJ/1598-251101-cgs%C4%91-hi%E1%BA%BFu-ch%E1%BB%8B-th%C6%A1m-sau-%C4%91i%E1%BB%81u-tr%E1%BB%8B-57t-250911-lt-v1-tthphuc-3dnqt-2d-tml-mt-lt-mass-ads,Team sản xuất SG,G,tthphuc,3DNQT,2D-TML,Team sản xuất SG,tthphuc,3DHSD,2586-12-19,N_259112,CGSĐ,Hiếu,Xoá nhăn,,,,
240715,240715-CGSD Hiếu facetime c Hoàng 49t 240614 tvc v2,https://trello.com/c/CLfAS15k/1492-240715-cgsd-hi%E1%BA%BFu-facetime-c-ho%C3%A0ng-49t-240614-tvc-v2-dnktuyen-3dnqt-2d-tml-mt-tvc-mass-adsatlv,Tean sản xuất SG,G,dnktuyen,3DNQT,2D-TML,Team sản xuất SG,dnktuyen,3DNSH,2558-10-10,N_240534,CGSĐ,Hiếu,,,,,
241101,241101-CGSĐ Hiếu về luôn trong ngày 241014 v1,https://trello.com/c/QhKHa2Oj/73-241101-cgs%C4%91-hi%E1%BA%BFu-v%E1%BB%81-lu%C3%B4n-trong-ng%C3%A0y-241014-v1-ngnqnhu-3dhsd-2d-tml-mt-tvc-mass-adstoannv,Team sản xuất SG,G,ngnqnhu,3DHSD,2D-TML,Team sản xuất SG,ngnqnhu,3DNQT,2559-11-14,N_241003,CGSĐ,Hiếu,Xoá nhăn,,,,
240605,240605-ME chị thanh và con trai 49t 240403 lt v1,https://trello.com/c/74SpOGR6/860-240605-me-ch%E1%BB%8B-thanh-v%C3%A0-con-trai-49t-240403-lt-v1-ngnqnhu-3dnsh-2d-tml-mt-lt-mass-adstoannv,Team sản xuất SG,G,ngnqnhu,3DNSH,2D-TML,Team sản xuất SG,ngnqnhu,3DHSD,2558-03-13,N_24431,Thường,Hiếu,,,,,
240820,240820-CGSĐ Hiếu bị mượn tiền 240809 tvc v2,https://trello.com/c/b1QPH9pO/1771-240820-cgs%C4%91-hi%E1%BA%BFu-b%E1%BB%8B-m%C6%B0%E1%BB%A3n-ti%E1%BB%81n-240809-tvc-v2-%C4%91ph%C6%B0%C6%A1ng-3dnqt-2dtml-mt-tvc-mass-adsatlv,Team sản xuất SG,G,đphương,3DNQT,2D-TML,Team sản xuất SG,đphương,3DNQT,2559-04-23,N_23068,CGSĐ,Hiếu,,,,,
240920,240920-CGSĐ Bọng mắt bay xa 240716 tvc v1,https://trello.com/c/bKfw31fA/2011-240920-cgs%C4%91-b%E1%BB%8Dng-m%E1%BA%AFt-bay-xa-240716-tvc-v1-ptnquynh-3dndt-2d-ndt-mt-tvc-mass-ads,Team sản xuất HN,G,ptnquynh,3DNTT,2D-NDT,Team sản xuất HN,đphương,3DNQT,2559-01-20,N_23068,CGSĐ,Hiếu,,,,,
250602,250602-CGSĐ Hiếu chị mơ hành trình tiktok 241112 v2,https://trello.com/c/eY2d6Hqp/1111-250602-cgs%C4%91-hi%E1%BA%BFu-ch%E1%BB%8B-m%C6%A1-h%C3%A0nh-tr%C3%ACnh-tiktok-241112-v2-ngnqnhu-3dth%C4%91-2d-tml-mt-lt-mass-adsatlv,Team sản xuất SG,G,ngnqnhu,3DTHĐ,2D-TML,Team sản xuất SG,ngnqnhu,3DNQT,2560-02-20,N_247114,CGSĐ,Hiếu,Xoá nhăn,,,,
251210,251210-CGSĐ Hiếu mặt lệch 251104 tvc v1,https://trello.com/c/UGBEMiAV/1692-251210-cgs%C4%91-hi%E1%BA%BFu-m%E1%BA%B7t-l%E1%BB%87ch-251104-tvc-v1-tthuyen-3dnnh-2d-npl-mt-tvc-mass-ads,Team sản xuất HN,G,tthuyen,3DNNH,2D-NPL,Team sản xuất HN,tthuyen,3DOS,2587-06-30,N_23068,CGSĐ,Hiếu,Lõm hóp,,,,
250615,250615-CGSĐ Hiếu tâm sự mỏng 240412 tvc v1,https://trello.com/c/jBj87aG0/1156-250615-cgs%C4%91-hi%E1%BA%BFu-t%C3%A2m-s%E1%BB%B1-m%E1%BB%8Fng-tvc-240412-v1-nvhoan-3dnnh-mt-tvc-mass,Team sản xuất HN,G,nvhoan,3DNNH,,Team sản xuất HN,nvhoan + tthuyen,3DOS,2585-08-07,N_247120,CGSĐ,Hiếu,Lõm hóp,,,,
250215,250215 - CGSĐ Hiếu VK về 3 tuần làm kịp không 241222 tvc v1,https://trello.com/c/c8w92N85/644-250215-cgs%C4%91-hi%E1%BA%BFu-vk-v%E1%BB%81-3-tu%E1%BA%A7n-l%C3%A0m-k%E1%BB%8Bp-kh%C3%B4ng-241222-tvc-v1-%C4%91ph%C6%B0%C6%A1ng-3dnqt-2d-tml-mt-lt-mass-ads,Team sản xuất SG,G,đphương,3DNQT,2D-TML,Team sản xuất SG,đphương,3DNQT,2560-06-10,N_23068,CGSĐ,Hiếu,,,,,
250522,250522-CGSĐ Thông chị thu oanh ltm 250225 v1,https://trello.com/c/BZTMHQR5/1079-250522-cgs%C4%91-th%C3%B4ng-ch%E1%BB%8B-thu-oanh-ltm-250225-v1-ngnqnhu-3dnsh-2d-tml-mt-lt-mass-adstoannv,Team sản xuất SG,G,ngnqnhu,3DNSH,2D-TML,Team sản xuất SG,ngnqnhu,3DHSD,2585-02-01,N_252126,CGSĐ,Thông,Xoá nhăn,,,,
250801,250801-CGSĐ Hiếu 3 ô 250708 55t tvc v1,https://trello.com/c/eRXRpx4c/1328-250801-cgs%C4%91-hi%E1%BA%BFu-3-%C3%B4-250708-55t-tvc-v1-ptnquynh-3dntc-2d-npl-mt-tvc-mass-ads,Team sản xuất HN,G,ptnquynh,3TTT,2D-NPL,Team sản xuất SG,đphương,3DNSH,2560-06-10,N_23068,CGSĐ,Hiếu,,,,,
240910,240910-CGSĐ facetime 3 người 43t 240819 tvc v1,https://trello.com/c/d7RaMWzV/1899-240910-cgs%C4%91-facetime-3-ng%C6%B0%E1%BB%9Di-43t-240819-tvc-v1-tthuyen-3dntt-mt-tvc-mass-ads,Team sản xuất HN,G,tthuyen,3DNTT,,Team sản xuất HN,tthuyen,3DOS,2559-05-03,B_240819,CGSĐ,Hiếu,,,,,
240810,240810-CGSĐ Exion xoá bọng mắt 240705 tvc v1,https://trello.com/c/Z6BTzztw/1608-240810-cgs%C4%91-exion-xo%C3%A1-b%E1%BB%8Dng-m%E1%BA%AFt-240705-tvc-v1-tthuyen-3dntc-2d-ndt-mt-tvc-mass-ads,Team sản xuất HN,G,tthuyen,3DNTC,2D-NDT,Team sản xuất HN,tthuyen,OS,2559-01-09,N_23068,CGSĐ,Hiếu,,,,,
230811,230811 - CGSĐ làm đẹp thông minh 230804 tvc v3.1,https://trello.com/c/feMK3r2F/6208-230811-cgs%C4%91-l%C3%A0m-%C4%91%E1%BA%B9p-th%C3%B4ng-minh-230804-tvc-v3-%C4%91ph%C6%B0%C6%A1ng-3dnqt-2d-tml-mt-mass-adsatlv?search_id=5e23327c-4364-4016-b8ec-c275f4e9b197,Team sản xuất SG,G,đphương,3DNQT,2D-TML,Team sản xuất SG,đphương,,2531-12-01,N_23068,CGSĐ,Hiếu,,,,,
231211,231211- ME cắt đôi số tuổi 37t 35t 230715 230910 tvc v1,https://trello.com/c/Vo3G9yDs/7166-231211-me-c%E1%BA%AFt-%C4%91%C3%B4i-s%E1%BB%91-tu%E1%BB%95i-37t-35t-230715-230910-tvc-v1-nvhoan-3dos-2d-ndt-mt-tvc-mass-ads?search_id=7431436a-9082-4a6b-b5e8-e9232ed022ed,Team sản xuất HN,G,nvhoan,3DOS,2D-NDT,Team sản xuất HN,,Tổng hợp,,,Thường,Mẫu,,TVC,Bắc+nam,35-44,>=2 nữ
221208,221208- anh ny việt kiều tcs 42 221111 v2,https://trello.com/c/Fx5rkOwG/4722-221208-anh-ny-vi%E1%BB%87t-ki%E1%BB%81u-tcs-42-221111-v2-%C4%91ph%C6%B0%C6%A1ng-3dhsd-2d-tml-mt-tcs-mass-adshieuvm?search_id=97745989-7ae3-4560-a883-36f539cb47d9,Team sản xuất SG,G,đphương,3DHSD,2D-TML,Team sản xuất SG,đphương,,2505-05-18,N_22011,Thường,Mẫu,,,,,
240610,240610-CGSĐ tư vấn chị Huyền 43t 240517 tvc v2,https://trello.com/c/s78LTvC7/1013-240610-cgs%C4%91-t%C6%B0-v%E1%BA%A5n-ch%E1%BB%8B-huy%E1%BB%81n-43t-240517-tvc-v2-tthuyen-3dntc-2d-ndt-mt-tvc-mass-ads,Team sản xuất HN,G,tthuyen,3DNTC,2D-NDT,Team sản xuất HN,tthuyen,3DNQT,2558-07-05,N_23068,CGSĐ,Hiếu,Xoá nhăn,,,,
240620,240620-CGSĐ làm đẹp lẻ 240610 tvc v2,https://trello.com/c/WIJWCJjA/1226-240620-cgs%C4%91-l%C3%A0m-%C4%91%E1%BA%B9p-l%E1%BA%BB-240610-tvc-v2-tthuyen-3dos-2d-npl-mt-tvc-mass-ads,Team sản xuất HN,G,tthuyen,3DOS,2D-NPL,Team sản xuất HN,tthuyen,3DOS,2558-10-06,N_23068,CGSĐ,Hiếu,,,,,
240710,240710-CGSĐ mượn tiền 240610 tvc v1,https://trello.com/c/5H2vJVkY/1329-240710-cgs%C4%91-m%C6%B0%E1%BB%A3n-ti%E1%BB%81n-240610-tvc-v1-tthuyen-3dndt-2d-ndt-mt-tvc-mass-ads,Team sản xuất HN,G,tthuyen,3DNDT,2D-NDT,Team sản xuất HN,tthuyen,3DOS,2558-10-06,N_23068,CGSĐ,Hiếu,,,,,
240805,240805-CGSĐ Hiếu trải nghiệm 7 trong 1 tvc 240722 v1,https://trello.com/c/EY48DmSH/1616-240805-cgs%C4%91-hi%E1%BA%BFu-tr%E1%BA%A3i-nghi%E1%BB%87m-7-trong-1-ln-240722-v1-%C4%91ph%C6%B0%C6%A1ng-3dnsh-2d-tml-mt-ln-mass-adstoannv,Team sản xuất SG,G,đphương,3DNSH,2D-TML,Team sản xuất SG,đphương,3DNQT,2559-01-26,N_23068,CGSĐ,Hiếu,,,,,
240915,240915-CGSĐ Tấn xóa bọng mắt an toàn 240820 tvc v1,https://trello.com/c/cNTNa3kA/1938-240915-cgs%C4%91-t%E1%BA%A5n-x%C3%B3a-b%E1%BB%8Dng-m%E1%BA%AFt-an-to%C3%A0n-240820-tvc-v1-tthphuc-3dhsd-2d-tml-mt-tvc-mass-adstoannv,Team sản xuất SG,G,tthphuc,3DHSD,2D-TML,Team sản xuất SG,tthphuc,3DNSH,2559-05-04,N_240536,CGSĐ,Tấn,,,,,
241205,241205-CGSĐ Hiếu chị mơ hành trình tiktok 241112 v2,https://trello.com/c/dDP788qZ/213-241205-cgs%C4%91-hi%E1%BA%BFu-ch%E1%BB%8B-m%C6%A1-h%C3%A0nh-tr%C3%ACnh-tiktok-241112-v2-ngnqnhu-3dth%C4%91-2d-tml-mt-lt-mass-adsatlv,Team sản xuất SG,G,ngnqnhu,3DTHĐ,2D-TML,Team sản xuất SG,ngnqnhu,3DNQT,2560-02-20,N_247114,CGSĐ,Hiếu,,,,,
250310,250310 - CGSĐ Hiếu tự live cùng Candy và Trizzie 250215 lt v2,https://trello.com/c/JiZfvXkN/749-250310-cgs%C4%91-hi%E1%BA%BFu-t%E1%BB%B1-live-c%C3%B9ng-candy-v%C3%A0-trizzie-250215-lt-v2-%C4%91ph%C6%B0%C6%A1ng-3dhsd-2d-tml-mt-lt-mass-ads,Team sản xuất SG,G,đphương,3DHSD,2D-TML,Team sản xuất SG,đphương,3DNQT,2585-01-22,N_252123,CGSĐ,Hiếu,,,,,
250410,250410-CGSĐ Duy Véo má 41t 250331 tvc v2,https://trello.com/c/aQgxRLJN/974-250410-cgs%C4%91-duy-v%C3%A9o-m%C3%A1-41t-250331-tvc-v2-ptnquynh-3dos-2d-npl-mt-tvc-mass-ads,Team sản xuất HN,G,ptnquynh,3DOS,2D-NPL,Team sản xuất HN,ptnquynh,3DOS,2585-05-18,B_23019,CGSĐ,Duy,,,,,
250525,250525-CGSĐ Hiếu làm 1 nhận 5 250412 tvc v1,https://trello.com/c/yYMhKBlj/1063-250525-cgs%C4%91-hi%E1%BA%BFu-l%C3%A0m-1-nh%E1%BA%ADn-5-250412-tvc-v1-tthuyen-3dndt-2d-ndt-mt-tvc-mass-ads,Team sản xuất HN,G,tthuyen,3DNDT,2D-NDT,Team sản xuất HN,tthuyen,3DOS,2585-08-07,N_23068,CGSĐ,Hiếu,Xoá nhăn,,,,
250705,250705-CGSĐ Hiếu nghỉ dưỡng bao lâu 250414 tvc v1,https://trello.com/c/TWcqxH2d/1258-250705-cgs%C4%91-hi%E1%BA%BFu-ngh%E1%BB%89-d%C6%B0%E1%BB%A1ng-bao-l%C3%A2u-250414-tvc-v1-tthuyen-3dndt-2d-ndt-mt-tvc-mass-ads,Team sản xuất HN,G,tthuyen,3DNDT,2D-NDT,Team sản xuất HN,tthuyen,3DOS,2585-08-09,,CGSĐ,Hiếu,Xoá nhăn,,,,
250720,250720-CGSĐ Hiếu hóp hóp hóp 49t 250410 tvc v1,https://trello.com/c/ajwuVFIy/1295-250720-cgs%C4%91-hi%E1%BA%BFu-h%C3%B3p-h%C3%B3p-h%C3%B3p-49t-250410-tvc-v1-nvhoan-3dnnh-mt-tvc-mass,Team sản xuất HN,G,nvhoan,3DNNH,,Team sản xuất HN,tthuyen,3DOS,2586-05-30,B_250417,CGSĐ,Hiếu,,,,,
250805,250805-CGSĐ Hiếu bí quyết 3 năm 250716 tvc v1,https://trello.com/c/h7yu8uEu/1366-250805-cgs%C4%91-hi%E1%BA%BFu-b%C3%AD-quy%E1%BA%BFt-3-n%C4%83m-250716-tvc-v1-tthphuc-3dnsh-2d-tml-mt-tvc-mass-ads,Team sản xuất SG,G,tthphuc,3DNSH,2D-TML,Team sản xuất SG,tthphuc,3DNSH,2586-06-07,N_23068,CGSĐ,Hiếu,,,,,
250901,250901-CGSĐ Hiếu 99% 40t 50t 250804 tvc v1,https://trello.com/c/805uyFHq/1437-250901-cgs%C4%91-hi%E1%BA%BFu-99-40t-50t-250804-tvc-v1-ptnquynh-3dttt-mt-tvc-mass-ads,Team sản xuất HN,G,ptnquynh,3DTTT,,Team sản xuất HN,OS,ptnquynh,2586-09-03,N_23068,CGSĐ,Hiếu,Xoá nhăn,,,,
250905,250905-CGSĐ Hiếu cô Đông lại đòi mượn tiền cnc 58t 250814 lt v1,https://trello.com/c/otCQmNMu/1422-250905-cgs%C4%91-hi%E1%BA%BFu-c%C3%B4-%C4%91%C3%B4ng-l%E1%BA%A1i-%C4%91%C3%B2i-m%C6%B0%E1%BB%A3n-ti%E1%BB%81n-cnc-58t-250814-lt-v1-%C4%91ph%C6%B0%C6%A1ng-3dnsh-2d-tml-mt-lt-mass-ads,Team sản xuất SG,G,đphương,3DHSD,2D-TML,Team sản xuất SG,đphương,3DHSD,2586-09-13,N_24823,CGSĐ,Hiếu,Xoá nhăn,,,,
251115,251115-CGSĐ Hiếu chị Vân sofa 53t 251021 lt v1,https://trello.com/c/WghA5cYV/1665-251115-cgs%C4%91-hi%E1%BA%BFu-ch%E1%BB%8B-v%C3%A2n-sofa-53t-251021-lt-v1-tthphuc-3dnsh-2d-tml-mt-lt-mass-ads,Team sản xuất SG,G,tthphuc,3DNSH,2D-TML,Team sản xuất SG,tthphuc,3DHSD,2587-04-08,N_251021,CGSĐ,Hiếu,,,,,
251120,251120-CGSĐ Hiếu facetime Charly tvc 251013 v1,https://trello.com/c/PUIcR04q/1677-251120-cgs%C4%91-hi%E1%BA%BFu-facetime-charly-tvc-251013-v1-dnktuyen-3dth%C4%91-2d-tml-mt-tvc-mass-ads,Team sản xuất SG,G,dnktuyen,3DTHĐ,2D-TML,Team sản xuất SG,dnktuyen,3DNSH,2587-03-31,N_23068,CGSĐ,Hiếu,,,,,
251205,251205-CGSĐ Hiếu cảnh báo căng da trán 251112 tvc v1,https://trello.com/c/EpsOZsy4/1711-251205-cgs%C4%91-hi%E1%BA%BFu-c%E1%BA%A3nh-b%C3%A1o-c%C4%83ng-da-tr%C3%A1n-251112-tvc-v1-tthphuc-3dnsh-2d-tml-mt-tvc-mass-ads,Team sản xuất SG,G,tthphuc,3DNSH,2D-TML,Team sản xuất SG,tthphuc,3DHSD,2587-07-08,N_23068,CGSĐ,Hiếu,,,,,
251215,251215-CGSĐ Hiếu Lại là Vicky 55t 250908 tvc v1,https://trello.com/c/7EwUcejq/1718-251215-cgs%C4%91-hi%E1%BA%BFu-l%E1%BA%A1i-l%C3%A0-vicky-55t-250908-tvc-v1-ptnquynh-3dntc-2d-npl-mt-tvc-mass-ads,Team sản xuất HN,G,ptnquynh,3DNTC,2D-NPL,Team sản xuất HN,ptnquynh,3DOS,2586-12-16,B_250908,CGSĐ,Hiếu,,,,,
Ko có tên content,Ko có tên content,,,G,,,,chia Tỷ lệ thực tế,,,,,,Khác,,,,,
230708,230708-BST vest tvc v2 45-47t 230515 221128 221123,,,G,Khác,Khác,,,,,,,,Hiếu,,,,,
PR_T1.24_F_ME_Bác sĩ,PR_T1.24_F_ME_Bác sĩ live tư vấn thăm khám KH,,,G,Khác,Khác,,,,,,,,Mẫu,,,,,
221001,221001-cô Liên soi gương v1,https://trello.com/c/N4epP12S/4398-221001-c%C3%B4-li%C3%AAn-soi-g%C6%B0%C6%A1ng-v1-ptnquynh-3dntc-2d-tml-mt-tvc-mass-adsanhdtk?search_id=7b1fbcca-8316-40cf-8d09-c6bb521bfce3,Team sản xuất HN,G,ptnquynh,3DNTC,2D-TML,Team sản xuất HN,,,2022-09-16,B_22003,Thường,Mẫu,Lõm hóp,,,,
250415,250415-CGSĐ remake Hiếu trải nghiệm 7 trong 1 tvc 240722 v1,https://trello.com/c/ucH1nCZs/1012-250415-cgs%C4%91-remake-hi%E1%BA%BFu-tr%E1%BA%A3i-nghi%E1%BB%87m-7-trong-1-tvc-240722-v1-%C4%91ph%C6%B0%C6%A1ng-3dnsh-2d-tml-mt-tvc-mass-adstoannv,Team sản xuất SG,G,đphương,3DNSH,2D-TML,Team sản xuất SG,đphương,3DNSH,2559-01-26,N_23068,CGSĐ,Hiếu,,,,,
251220,251220-DVM CGSĐ Xuân Chị Chi 6 cháu 56t 250711 tvc v1,https://trello.com/c/vhfdLYMM/18-260101-sc-cgs%C4%91-xu%C3%A2n-ch%E1%BB%8B-chi-6-ch%C3%A1u-56t-250711-tvc-v1-ptnquynh-3dnnh-mt-tvc-mass-ads,Team sản xuất HN,S,ptnquynh,3DNNH,,Team sản xuất SG,dnktuyen,3DHSD,2586-06-02,N_250623,CGSĐ,Xuân,Xoá nhăn,TVC,Nam,45-54,1 nữ
SERYN,SERYN,,,,,,,,,,,,,,,,,,
260101,260101-SC CGSĐ Hiếu DVM 7in1 251104 tvc v1,https://trello.com/c/x2HEIoUF/12-260101-sc-cgs%C4%91-hi%E1%BA%BFu-dvm-7in1-251104-tvc-v1-tthuyen-3dntc-2d-npl-mt-tvc-mass-ads?search_id=89408869-77c4-4109-990c-7f53e97b1de3,Team sản xuất HN,S,tthuyen,3DNTC,2D-NPL,Team sản xuất HN,tthuyen,3DOS,2587-06-30,N_23068,CGSĐ,Hiếu,Xoá nhăn,TVC,Nam,45-54,>=2 nữ
260110,260110-SC CGSĐ Hiếu tiễn chị Bông sofa 50t 251208 ln v1,https://trello.com/c/fSELCoZb/44-260110-sc-cgs%C4%91-hi%E1%BA%BFu-ti%E1%BB%85n-ch%E1%BB%8B-b%C3%B4ng-sofa-50t-251208-ln-v1-tthphuc-3dhsd-2d-tml-mt-ln-mass-ads,Team sản xuất SG,S,tthphuc,3DHSD,2D-TML,Team sản xuất SG,tthphuc,3DHSD,2587-10-12,N_251122,CGSĐ,Hiếu,Xoá nhăn,Live ngắn,Nam,45-54,1 nữ
PR_CAMP_T1.26_TVC SE,PR_CAMP_T1.26_TVC SERYN,,,S,,,,,,,,Khác,,Mẫu,,,,,
260115,260115-SC CGSĐ Hiếu nhiều chữ 250708 tvc v1,https://trello.com/c/XvYjfPAO/33-qu%E1%BB%B3nh-3,Team sản xuất HN,S,ptnquynh,3DNNH,2D-NDT,Team sản xuất HN,tthuyen,3DOS,2586-05-30,N_23068,CGSĐ,Hiếu,Xoá nhăn,TVC,Nam,45-54,>=2 nữ
260120,260120-SC CGSĐ Hiếu vest đen 260114 tvc v1,https://trello.com/c/i25SKz0D/34-260120-sc-cgs%C4%91-hi%E1%BA%BFu-vest-%C4%91en-260114-tvc-v1-ptnquynh-3dntc-2d-ndt-mt-tvc-mass-ads,Team sản xuất HN,S,ptnquynh,3DNTC,2D-NDT,Team sản xuất HN,ptnquynh,3DOS,2612-03-01,N_23068,CGSĐ,Hiếu,Xoá nhăn,TVC,Nam,45-54,>=2 nữ
PR_CAMP_T1.26_Đội ng,PR_CAMP_T1.26_Đội ngũ bác sĩ Seryn,,,S,,,,,,,,Khác,,Mẫu,,,,,
PR_CAMP_T1.26_Mỗi ch,PR_CAMP_T1.26_Mỗi chuyên khoa tại Seryn Clinic giữ vai trò gì trong hành trình trẻ hóa?,,,S,,,,,,,,Khác,,Mẫu,,,,,
260105,260105-SC CGSĐ Hiếu vợ chồng chị Thơm áo dài 57t 250911 lt v1,https://trello.com/c/AA1EcpbO/5-260105-sc-cgs%C4%91-hi%E1%BA%BFu-v%E1%BB%A3-ch%E1%BB%93ng-ch%E1%BB%8B-th%C6%A1m-%C3%A1o-d%C3%A0i-57t-250911-lt-v1-tthphuc-3dnsh-2d-tml-mt-lt-mass-ads,Team sản xuất SG,S,tthphuc,3DNSH,2D-TML,Team sản xuất SG,tthphuc,3DHSD,2586-12-19,N_259112,CGSĐ,Hiếu,Xoá nhăn,Live trung,Nam,>54,1 nữ
260210,260210-SC CGSĐ Hiếu nhỏ xíu 260114 tvc v1,https://trello.com/c/EEFeFt3A/94-260210-sc-cgs%C4%91-hi%E1%BA%BFu-nh%E1%BB%8F-x%C3%ADu-260114-tvc-v1-ptnquynh-3dndt-2d-ndt-mt-tvc-mass-ads,Team sản xuất HN,S,ptnquynh,3DNDT,2D-NDT,Team sản xuất HN,ptnquynh,3DOS,2612-02-29,N_23068,CGSĐ,Hiếu,Xoá nhăn,TVC,Nam,45-54,>=2 nữ
260205,260205-SC CGSĐ Hiếu Thúy Ba mời gọi 61t 251208 tvc v1,https://trello.com/c/8uyreVsZ/99-260205-sc-cgs%C4%91-hi%E1%BA%BFu-th%C3%BAy-ba-m%E1%BB%9Di-g%E1%BB%8Di-61t-251208-tvc-v1-dnktuyen-3dhsd-2d-tml-mt-tvc-mass-ads,Team sản xuất SG,S,dnktuyen,3DHSD,2D-TML,Team sản xuất SG,dnktuyen,3DHSD,2587-10-12,N_251123,CGSĐ,Hiếu,Xoá nhăn,Live trung,Nam,55 trở lên,1 nữ
250205,250205-SC CGSĐ Hiếu lần đầu tiên 260113 tvc v1,https://trello.com/c/3Ya2JCOi/97-250205-sc-cgs%C4%91-hi%E1%BA%BFu-l%E1%BA%A7n-%C4%91%E1%BA%A7u-ti%C3%AAn-260113-tvc-v1-tthuyen-3dnnh-2d-npl-mt-tvc-mass-ads,Team sản xuất HN,S,tthuyen,3DNNH,2D-NPL,Team sản xuất HN,tthuyen,3DOS,2612-02-29,N_23068,CGSĐ,Hiếu,Xoá nhăn,TVC,Nam,45-54,>=2 nữ
260225,260225-SC CGSĐ Hiếu cá mòi 3 cô gái 260116 tvc v1,https://trello.com/c/vYeEZn23/125-260225-sc-cgs%C4%91-hi%E1%BA%BFu-c%C3%A1-m%C3%B2i-3-c%C3%B4-g%C3%A1i-260116-tvc-v1-tthphuc-3dth%C4%91-2d-tml-mt-tvc-mass-ads,Team sản xuất SG,S,tthphuc,3DTHĐ,2D-TML,Team sản xuất SG,tthphuc,3DNSH,2612-03-03,N_23068,CGSĐ,Hiếu,,TVC,,,
260305,260305-SC CGSĐ Hiếu cô Loan căng hết mức 260206 65t tvc v1,https://trello.com/c/e8kN1ubQ/134-260305-sc-cgs%C4%91-hi%E1%BA%BFu-c%C3%B4-loan-c%C4%83ng-h%E1%BA%BFt-m%E1%BB%A9c-260206-65t-tvc-v1-%C4%91ph%C6%B0%C6%A1ng-3dhsd-2d-tml-mt-tvc-mass-ads,Team sản xuất SG,S,đphương,3DHSD,2D-TML,Team sản xuất SG,đphương,3DHSD,2612-06-01,N_261195,CGSĐ,Hiếu,Xoá nhăn,TVC,Nam,55 trở lên,1 nữ
260310,260310-SC CGSĐ Hiếu áo poto trên oto 260225 tvc v1,https://trello.com/c/M4ItPrkZ/153-260310-sc-cgs%C4%91-hi%E1%BA%BFu-%C3%A1o-poto-tr%C3%AAn-oto-260225-tvc-v1-tthphuc-3dhsd-2d-tml-mt-tvc-mass-ads,Team sản xuất SG,S,tthphuc,3DHSD,2D-TML,Team sản xuất SG,tthphuc,3DNSH,2612-06-20,N_23068,CGSĐ,Hiếu,,TVC,,,
260315,260315-SC CGSĐ Hiếu khách thật 62t 260118 lt v1,https://trello.com/c/XzkH0cmp/165-260315-sc-cgs%C4%91-hi%E1%BA%BFu-kh%C3%A1ch-th%E1%BA%ADt-62t-260118-lt-v1-dnktuyen-3dnqt-2d-tml-mt-lt-mass-ads,Team sản xuất SG,S,dnktuyen,3DNQT,2D-TML,Team sản xuất SG,dnktuyen,3DNSH,2612-03-05,N_261190,CGSĐ,Hiếu,Lõm hóp,Live trung,Nam,55 trở lên,1 nữ
260320,260320-SC CGSĐ Hiếu cô Phương nửa mặt wonderface 60t 260305 lt v1,https://trello.com/c/HGvtjHcZ/167-260320-sc-cgs%C4%91-hi%E1%BA%BFu-c%C3%B4-ph%C6%B0%C6%A1ng-n%E1%BB%ADa-m%E1%BA%B7t-wonderface-60t-260305-lt-v1-tbhan-3dntc-2d-npl-mt-lt-mass-ads,Team sản xuất HN,S,tbhan,3DNTC,2D-NPL,Team sản xuất HN,tbhan,3DOS,2612-09-08,B_24883,CGSĐ,Hiếu,Xoá nhăn,Live trung,Nam,55 trở lên,1 nữ
260331,260331-SC CGSĐ Hiếu CTKM Việt kiều 260311 tvc v1,https://trello.com/c/zJgTFxkF/191-260331-sc-cgs%C4%91-hi%E1%BA%BFu-ctkm-vi%E1%BB%87t-ki%E1%BB%81u-260311-tvc-v1-tthuyen-3dnnh-2d-npl-mt-tvc-mass-ads,Team sản xuất HN,S,tthuyen,3DNNH,2D-NPL,Team sản xuất HN,tthuyen,3DHSD,2612-09-14,N_23068,CGSĐ,Hiếu,Xoá nhăn,TVC,Nam,45-54,>=2 nữ
260410,260410-SC CGSĐ Hiếu nâng má phô mai chảy 45t 260311 tvc v1,https://trello.com/c/ZeRllP5t/228-260410-sc-cgs%C4%91-hi%E1%BA%BFu-n%C3%A2ng-m%C3%A1-ph%C3%B4-mai-ch%E1%BA%A3y-45t-260311-tvc-v1-tthuyen-3dntc-2d-npl-mt-tvc-mass-ads,Team sản xuất HN,S,tthuyen,3DNTC,2D-NPL,Team sản xuất HN,tthuyen,3DHSD,2612-09-14,N_23068,CGSĐ,Hiếu,Xoá nhăn,TVC,Nam,45-54,>=2 nữ
260405,260405-SC CGSĐ Hiếu nâng má phô mai chảy 45t 260311 tvc v1,https://trello.com/c/ZeRllP5t/228-260410-sc-cgs%C4%91-hi%E1%BA%BFu-n%C3%A2ng-m%C3%A1-ph%C3%B4-mai-ch%E1%BA%A3y-45t-260311-tvc-v1-tthuyen-3dntc-2d-npl-mt-tvc-mass-ads,Team sản xuất HN,S,tthuyen,3DNTC,2D-NPL,Team sản xuất HN,tthuyen,3DHSD,2612-09-14,N_23068,CGSĐ,Hiếu,Xoá nhăn,TVC,Nam,45-54,>=2 nữ
260415,260415-SC CGSĐ Hiếu ám ảnh hỏi giá 260324 tvc v1,https://trello.com/c/tQEeoEr3/256-260415-sc-cgs%C4%91-hi%E1%BA%BFu-%C3%A1m-%E1%BA%A3nh-h%E1%BB%8Fi-gi%C3%A1-260324-tvc-v1-%C4%91ph%C6%B0%C6%A1ng-3dhsd-2d-tml-mt-tvc-mass-ads,Team sản xuất SG,S,đphương,3DHSD,2D-TML,Team sản xuất SG,đphương,3DNQT,2612-09-27,N_23068,CGSĐ,Hiếu,,TVC,Nam,,
260420,260420-SC CGSĐ Hiếu chị Thương nửa mặt 52t 260317 ln v1,https://trello.com/c/cUzXDBuk/265-260420-sc-cgs%C4%91-hi%E1%BA%BFu-ch%E1%BB%8B-th%C6%B0%C6%A1ng-n%E1%BB%ADa-m%E1%BA%B7t-52t-260317-ln-v1-%C4%91ph%C6%B0%C6%A1ng-3dnsh-2d-tml-mt-ln-mass-ads,Team sản xuất SG,S,đphương,3DNSH,2D-TML,Team sản xuất SG,đphương,3DTHĐ,2612-09-20,N_24644,CGSĐ,Hiếu,Xoá nhăn,Live ngắn,Nam,45-54,1 nữ
260505,260505-SC CGSĐ Hiếu cứu chị Lyn Việt Kiều 52t 260410 lt v1,https://trello.com/c/1roZYZI2/271-260505-sc-cgs%C4%91-hi%E1%BA%BFu-c%E1%BB%A9u-ch%E1%BB%8B-lyn-vi%E1%BB%87t-ki%E1%BB%81u-52t-260410-lt-v1-%C4%91ph%C6%B0%C6%A1ng-3dhsd-2d-tml-mt-lt-mass-ads,Team sản xuất SG,S,đphương,3DHSD,2D-TML,Team sản xuất SG,đphương,3DHSD,2612-12-22,N_25522,CGSĐ,Hiếu,Xoá nhăn,Live trung,Nam,45-54,1 nữ
260510,260510-SC CGSĐ Hiếu sao người ta giá khác chị 250416 tvc v1,https://trello.com/c/LWCWw7sE/299-260510-sc-cgs%C4%91-hi%E1%BA%BFu-sao-ng%C6%B0%E1%BB%9Di-ta-gi%C3%A1-kh%C3%A1c-ch%E1%BB%8B-tvc-v1-%C4%91ph%C6%B0%C6%A1ng-3dnsh-2d-tml-mt-tvc-mass-ads,Team sản xuất SG,S,đphương,3DNSH,2D-TML,Team sản xuất SG,đphương,3DNSH,2612-12-28,N_23068,CGSĐ,Hiếu,,TVC,Nam,,
260515,260515-SC CGSĐ Hiếu cô lily KMVK 55t 250317 v1,https://trello.com/c/6mJF2fb7/303-260515-sc-cgs%C4%91-hi%E1%BA%BFu-c%C3%B4-lily-kmvk-55t-250317-v1-ngnqnhu-3dhsd-2d-tml-mt-tvc-mass-ads,Team sản xuất SG,S,ngnqnhu,3DHSD,2D-TML,Team sản xuất SG,tthphuc,3DTHĐ,2612-09-20,N_263171,CGSĐ,Hiếu,Xoá nhăn,TVC,Nam,45-54,1 nữ
260520,260520-SC CTKM Trẻ 1 Đẹp 3 tvc v2,https://trello.com/c/OZbnH2C7/316-260520-sc-ctkm-tr%E1%BA%BB-1-%C4%91%E1%BA%B9p-3-tvc-v2-ptnquynh-3dntc-2d-npl-mt-tvc-mass-ads,Team sản xuất HN,S,ptnquynh,3DTTT,2D-NPL,Team sản xuất HN,ptnquynh,3DOS,,,,,,,,,